hindi,eng
बहजोई,Bahjoi
पूरनपुर,Puranpur
नानौता,Nanauta
फखरपुर,Fakharpur
सिरौलीगौसपुर,Sirauli Gaospur
सिसवा बाजार,Siswa Bazar
लक्ष्मीपुर,Lakshmipur
देसही देवरिया,Desahi Deoria
मनिहारी,Manihari
शाहगंज सोधी,Shahganj Sodhi
हसायन,Hasayan
कुरारा,Kurara
धाता,Dhata
हथगाम,Hathgam
सरोजनीनगर,Sarojini Nagar
रेउसा,Reusa
नकहा,Nakha
बघौली,Baghauli
नौतनवा,Nautanwa
तरकुलवा,Tarkulwa
सिरकोनी,Sirkoni
रामपुर मनिहारन,Rampur Maniharan
साढौली कदीम,Sadholi Kadim
देवबन्द,Deoband
मुजफराबाद,Muzaffarabad
सरसावा,Sarasawa
नकुड,Nakur
पूवारंका,Puranka
गंगोह,Gangoh
बलियाखेडी,Ballyakhedi
नागल,Nagal
बघरा,Baghra
पुरकाजी,Purkaji
खतौली,Khatauli
मोरना,Morna
थाना,Thana
जानसठ,Jansath
बुढाना,Budhana
शाहपुर,Shahpur
सदर,Sadar
शामली,Shamli
ऊन,Un
चरथावल,Charathawal
कांधला,Kandla
जानी खुर्द,Jani Khurd
रोहटा,Rohta
दौराला,Daurala
रजपुरा,Rajpura
खरखौदा,Kharkhauda
मवाना,Mawana
हस्तिनापुर,Hastinapur
सरधना,Sardhana
सरूरपुर खुर्द,Sarurpur Khurd
माछरा,Machhra
परीक्षितगढ,Parikshitgarh
खेकडा,Khekda
पिलाना,Pilana
बडौत,Baraut
छपरौली,Chaprauli
बिनौली,Binauli
बागपत,Baghpat
लौनी,Loni
धौलाना,Dhaulana
मुरादनगर,Muradnagar
हापुड,Hapur
रजापुर,Rajapur
गढ़मुक्तेश्वर,Garhmukteshwar
भोजपुर,Bhojpur
सिम्भावली,Simbhawali
विसरख,Bisrakh
दादरी,Dadri
जेवर,Jewar
दनकौर,Dankaur
लखावटी,Lakhawati
पहासू,Pahasu
अनूपशहर,Anupshahr
शिकारपुर,Shikarpur
स्याना,Siyana
अरनियां,Arnia
डिबाई,Dibai
खुर्जा,Khujra
सिकन्द्राबाद,Sikandrabad
बी . बी . नगर,B. B. Nagar
ऊँचागाँव,Unchagaon
जहांगीराबाद,Jahangirabad
दानपुर,Danpur
बुलन्दशहर,Bulandshahr
गुलावटी,Gulaothi
अगौता,Agota
नूरपुर,Noorpur
कोतवाली,Kotwali
अफजलगढ,Afzalgarh
नहटौर,Nahatour
किरतपुर,Kiratpur
मौ ० पुर देवमल,Mau Pur Devmal
नजीबाबाद,Najibabad
हल्दौर,Haldaur
जलीलपुर,Jalilpur
स्योहारा,Syohara
अल्हैपुर,Alhaipur
अमरोहा,Amroha
गजरौला,Gajraula
गंगेश्वरी,Gangeshwari
धनौरा,Dhanaura
हसनपुर,Hasanpur
जोया,Joya
बिलारी,Bilari
भगतपुर,Bhagatpur
ठाकुरद्वारा,Thakurdwara
सम्भल,Sambhal
मुरादाबाद,Moradabad
डिलारी,Dilari
डींगरपुर (कुन्दरकी ),Dingarpur (Kundarki)
पंवासा,Pawasa
मुढा पाण्डेय,Mudha Pandey
असमोली,Asamoli
छजलैट,Chhajlet
बिलासपुर,Bilaspur
चमरव्वा,Chamaraua
सैदनगर,Saidnagar
मिलक,Milak
क्यारा,Kyara
भोजीपुरा,Bhojipura
विथरी,Withri
बहेड़ी,Bahedi
शेरगढ़,Shergarh
दमखोदा,Damkhoda
फरीदपुर,Faridpur
भुता,Bhuta
नवाबगंज,Nawabganj
मीरगंज,Mirganj
फतेहगंज ( प O ),Fatehganj (P.O.)
आलमपुर जाफराबाद,Alampur Jafarabad
मझगवां,Majhgawan
बीसलपुर,Bisalpur
बिलसण्डा,Bilsanda
मरौरी,Marori
बरखेड़ा,Barkhera
अमरिया,Amariya
ललौरी खेड़ा,Lalori Khera
मदनापुर,Madanpur
ददरौल,Dadraul
काँट,Kant
भावलखेड़ा,Bhaval Kheda
जलालाबाद,Jalalabad
मिर्जापुर,Mirzapur
कलान,Kalan
सिंधौली,Sindhauli
वण्डा,Wanda
खुटार,Khutar
पुवाया,Puwaya
कटरा - खुदागंज,Katra Khudaganj
जैतीपुर,Jaitipur
निगोंही,Nigohi
तिलहर,Tilhar
जगत,Jagat
वजीरगंज,Wazirganj
बिसौली,Bisouli
म्याऊँ,Mau
अम्बियापुर,Ambiyapur
इस्लामनगर,Islamnagar
उझानी,Ujhani
समरेर,Samrer
सालारपुर,Salarpur
गुन्नौर,Gunnaur
दहगवाँ,Dahgawan
दातागंज,Dataganj
आसफपुर,Asafpur
सहसवान,Sahaswan
उसावाँ,Usawa
लोधा,Lodha
बिजौली,Bijouli
टप्पल,Tappal
गोंडा,Gonda
गंगोरी,Gangori
खैर,Khair
इगलास,Iglas
धनीपुर,Dhanipur
अतरौली,Atrauli
चण्डौस,Chandaus
अकराबाद,Akrabad
जवां,Jawan
हाथरस,Hathras
सासनी,Sasni
सिकन्दराराऊ,Sikandra Rao
मुरसान,Mursan
सादाबाद,Sadabad
सहपऊ,Sahpau
मथुरा,Mathura
गोवर्धन,Goverdhan
बल्देव,Baldev
फरह,Farah
चौमुहाँ,Chaumuhan
छाता,Chhata
नन्दगाँव,Nandgaon
माट,Mat
नौहझील,Naujheel
राया,Raya
एत्मादपुर,Etmadpur
खन्दौली,Khandoli
अकोला,Akola
बिचपुरी,Bichpuri
बरौली अहीर,Baroli Ahir
फतेहपुर सीकरी,Fatehpur Sikri
अछनेरा,Achnera
खेरागढ़,Kheragarh
जगनेर,Jagner
शमशाबाद,Shamshabad
फतेहाबाद,Fatehabad
बाह,Bah
पिनाहाट,Pinahat
जैतपुर कलाँ,Jaitpur Kalan
एका,Eka
अरांव,Araon
नारखी,Narkhi
मदनपुर,Madanpur
हाथवन्त,Hathwant
शिकोहाबाद,Shikohabad
फिरोजाबाद,Firozabad
टूण्डला,Tundla
मैनपुरी,Mainpuri
घिरोर,Ghiror
कुरावली,Kurawali
बेबर,Bebar
अहीर,Aheer
जागीर,Jagir
सुल्तानगंज,Sultanganj
करहल,Karhal
बरनाहल,Barnahal
मारहरा,Marhara
सकीट,Sakit
अवागढ़,Awagarh
शीतलपुर,Sheetalpur
निधौली कलॉ,Nidholi Kala
जलेसर,Jalesar
जैथरा,Jaithara
अलीगंज,Aliganj
पटियाली,Patiyali
गंजडुण्डवारा,Ganj Dundwara
सिढ़पुरा,Sidhipura
कासगंज,Kasganj
सोरों,Sorons
अमांपुर,Amanpur
सहावर,Sahawar
बढ . पुर,Bad. Pura
कायमगंज,Kayamganj
राजेपुर,Rajepur
कमालगंज,Kamalganj
मोहम्मदाबाद,Mohammadabad
कन्नौज,Kannauj
तालाम,Talam
छिबरामऊ,Chhibramau
सौरिख,Saurikh
उमर्दा,Umarda
हसेरन,Haseran
गुगरापुर,Gugrapur
चकर नगर,Chakarnagar
सैफई,Saifai
जसवंत नगर,Jaswant Nagar
भरथना,Bharthana
ताखा,Takha
बढ . पुरा,Bad. Pura
बसरेहर,Basrehar
महेवा,Mahewa
एवा कटरा,Eva Katra
अछल्दा,Achalda
अजीतमल,Ajitmal
औरैया,Auraiya
विधूना,Vidhuna
सहार,Sahar
भाग्यनगर,Bhagyanagar
सरसौल,Sarsaul
विधनू,Vidhnu
शिवराजपुर,Shivrajpur
पतारा,Patara
कल्यानपुर,Kalyanpur
चौबेपुर,Chaubepur
बिल्हौर,Bilhaur
घाटमपुर,Ghatampur
ककवन,Kakwan
भीतर गाँव,Bheetar Gaon
झींझक,Jhinjhak
राजपुर,Rajpur
डेरापुर,Derapur
मैथा,Maitha
अमरौधा,Amraudha
मलासा,Malasa
सन्दलपुर,Sandalpur
सरवनखेड,Sarwankhed
अकबरपुर,Akbarpur
रसूलाबाद,Rasulabad
डकोर,Dakor
कदौरा,Kadoura
रामपुरा,Rampura
नदीगांव,Nadigaon
कुठौन्द,Kuthound
कोचं,Koch
माधौगढ़,Madhogarh
जालौन,Jalaun
मड़ावरा,Madawra
तालबेहट,Talbehat
महरौनी,Mahroni
बार,Bar
विरधा,Virdha
जखौरा,Jakhoura
बामौर,Bamaur
बबीना,Babina
गुरसराय,Gursarai
चिरगांव,Chirgaon
मोठ,Moth
बड़ागांव,Baragaon
कबरई,Kabrai
पनवाडी,Panwari
चरखारी,Charkhari
जैतपुर,Jaitpur
सरीला,Sarila
राठ,Rath
गोहाण्ड,Gohand
सुमेरपुर,Sumerpur
मौदहा,Maudha
मुस्करा,Muskra
नरैनी,Naraini
बड़ोखर खुर्द,Badokhar Khurd
तिन्दवारी,Tindwari
महुआ,Mahua
जसपुरा,Jaspura
कमासिन,Kamasin
बबेरू,Baberu
बिसण्डा,Bisanda
मऊ,Mau
रामनगर,Ramnagar
मानिकपुर,Manikpur
कर्वी (चित्रकूट ),Karwi (Chitrakoot)
पहाड़ी,Pahadi
हस्वा,Haswa
खजुहा,Khajua
देवमई,Devmai
मलवां,Malwan
अमौली,Amauli
तेलियानी,Teliyani
बहुआ,Bahua
भिटौरा,Bhitaura
असोथर,Asothar
विजयीपुर,Vijayipur
ऐरायां,Airaya
कड़ा,Kada
कौशाम्बी,Kaushambi
नेवादा,Nevada
चायल,Chayal
सरसंवा,Sarsawa
मंझनपुर,Manjhanpur
मूरतगंज,Muratganj
सिराथू,Sirathu
मेजा,Meja
उरुवा,Uruwa
बहरिया,Baharia
कोराँव,Koraon
जसरा,Jasra
बहादुरपुर,Bahadurpur
सैदाबाद,Saidabad
कौधियारा,Kaudhiyara
करछना,Karchana
मऊआइमा,Mau Aima
धनूपुर,Dhoopur
कौड़िहार,Kaudihar
सोरॉव,Sorav
हंडिया,Handia
मांडा,Manda
प्रतापपुर,Pratappur
फूलपुर,Phoolpur
शंकरगढ़,Shankargarh
चाका,Chaka
होलागढ़,Holagarh
मान्धाता,Mandhata
आसपुर,Aspur
बाबागंज,Babaganj
कालाकांकर,Kalakankar
संडवा चंद्रिका,Sandwa Chandrika
लक्ष्मणपुर,Laxmanpur
लालगंज,Lalganj
रामपुर संग्रामगढ़,Rampur Sangramgarh
सांगीपुर,Sangipur
बिहार,Bihar
गौरा,Gaura
मगरौरा,Magroura
पट्टी,Patti
बाबा बेलखरनाथ धाम,Baba Belkarnath Dham
शिवगढ़,Shivgarh
कुण्डा,Kunda
ऊंचाहार,Unchahar
दीनशाहगौरा,Deenshahgaura
सरेनी,Sareni
सताँव,Sataon
हरचन्दपुर,Harchandpur
महराजगंज,Maharajganj
खीरो,Khiro
राही,Rahi
अमावाँ,Amawan
जगतपुर,Jagtapur
बछरावां,Bachhrawan
शिवगढ,Shivgarh
रोहनिया,Rohaniya
डलमऊ,Dalmau
मियॉगंज,Miyanganj
औरास,Auras
पुरवा,Purwa
हसनगंज,Hasanganj
बांगरमऊ,Bangarmau
सफीपुर,Safipur
सिकन्दरपुर करन,Sikandarpur Karan
बीघापुर,Bighapur
असोहा,Asoha
फतेहपुर चौरासी,Fatehpur Chaurasi
सि ० सिरोसी,Si. Sirosi
बिछिया,Bichhiya
हिलौली,Hilauli
सण्डीला,Sandila
साण्डी,Sandi
हरियावां,Hariyawan
टडियावां,Tadiyawan
कछौना,Kachauna
कोथावाँ,Kothawan
बिलग्राम,Bilgram
शाहाबाद,Shahabad
टोडरपुर,Todarpur
माधौगंज,Madhoganj
बावन,Bawan
मल्लावाँ,Mallawan
सुरसा,Sursa
भरावन,Bharawan
हरपालपुर,Harpalpur
भरखनी,Bharkhani
पिहानी,Pihani
अहिरोरी,Ahirori
बेंहदर,Bendher
गोसाईगंज,Gosaiganj
चिनहट,Chinhat
मोहनलालगंज,Mohanlalganj
मलिहाबाद,Malihabad
तालाब,Talab
काकोरी,Kakori
सिधौली,Sidhauli
मिश्रिख,Mishrikh
सकरन,Sakaran
29 रामपुरमथुरा,29 Rampur Mathura
38 रामपुरमथुरा,38 Rampur Mathura
40 रामपुरमथुरा,40 Rampur Mathura
41 रामपुरमथुरा,41 Rampur Mathura
47 रामपुरमथुरा,47 Rampur Mathura
62 रामपुरमथुरा,62 Rampur Mathura
64 रामपुरमथुरा,64 Rampur Mathura
71 रामपुरमथुरा,71 Rampur Mathura
बेहटा,Behta
ऐलिया,Ailia
हरगांव,Hargaon
लहरपुर,Laharpur
खैराबाद,Khairabad
गोंदलामऊ,Gondlamau
बिसवाँ,Biswan
मछरेहटा,Machhrehta
कसमण्डा,Kasmanda
पहला,Pahla
महमूदाबाद,Mahmudabad
परसेंण्डी,Parsendi
महोली,Maholi
पिसावाँ,Pisawan
लखीमपुर,Lakhimpur
बेहजम देवी,Behjam Devi
फूलबेहड़,Phoolbehad
गोला (कुम्भी ),Gola (Kumbhi)
बिजुआ,Bijua
बांकेगंज,Bankeganj
मोहम्मदी,Mohammadi
मितौली,Mitauli
पसगवां,Pasgawan
धौरहरा,Dhaurahra
पलिया,Palia
निघासन,Nighasan
ईसानगर,Isanagar
रमियाबेहड़,Ramiabehad
अमेठी,Amethi
बाजार शुक्ल,Bazar Shukl
भादर,Bhadar
गौरीगंज,Gauriganj
जामों,Jamo
जगदीशपुर,Jagdishpur
भेटुआ,Bhetua
मुसाफिरखाना,Musafirkhana
संग्रामपुर,Sangrampur
शाहगढ,Shahgarh
तिलोई,Tiloi
छतोह,Chhatoh
डीह,Deeha
सलोन,Salon
सिंहपुर,Singhpur
जरवल,Jarwal
कैसरगंज,Kaiserganj
हुजूरपुर,Huzoorpur
तजवापुर,Tajwapur
बलहा,Balha
महसी,Mahsi
शिवपुर,Shivpur
मिहीपुरवा,Mihipurwa
चित्तौरा,Chittaura
रिसिया,Risia
पयागपुर,Payagpur
विशेश्वरगंज,Visheshwarganj
गिलौला,Gilaula
सिरसिया,Sirsia
हरिहरपुर रानी,Hariharpur Rani
जमुनहा,Jamunaha
इकौना,Ikauna
बलरामपुर,Balrampur
गैंसडी,Gainsari
पचपेडवा,Pachpedwa
गैडास बुजुर्ग,Gaidas Buzurg
श्रीदत्तगंज,Shridattganj
उतरौला,Utraula
रेहरा बाजार,Rehra Bazar
तुलसीपुर,Tulsipur
हरैया सतघरवा,Hariya Satgharwa
हलधरमऊ,Haldharmau
परसपुर,ParasPur
मनकापुर,Mankapur
बेलसर,Belsar
कटरा बाजार,Katra Bazar
पण्डरी कृपाल,Pandri Kripal
छपिया,Chhapia
झंझरी,Jhanjhari
मुजेहना,Mujehna
तरबगंज,Tarabganj
इटियाथोक,Itiyathok
करनैलगंज,Karnailganj
बभनजोत,Babhanjot
रूपईडीह,Rupaidiha
सूरतगंज,Suratganj
फतेहपुर,Fatehpur
निन्दूरा,Nindura
मसौली,Masoli
बंकी,Banki
देवां,Dewa
हरख,Harkh
दरियाबाद,Dariyabad
बनीकोडर,Banikodar
हैदरगढ़,Haidergarh
त्रिवेदीगंज,Trivediganj
सिद्धौर,Siddhaur
अखण्डनगर,Akhanda Nagar
बल्दीराय,Baldi Rai
भदैया,Bhadaiya
धनपत गंज,Dhanpatganj
दोस्तपुर,Dostpur
दूबेपुर,Doobepur
जयसिंहपुर,Jaisinghpur
कादीपुर,Kadipur
कुडवार,Kudwar
कुडेभार,Kudebhar
लम्बुआ,Lambhua
प्रतापपुरकमैचा,Pratappur Kemaicha
मोतिगरपुर,Motigarpur
करौंदीकला,Karaudi Kalan
कटेहरी,Katehri
जलालपुर,Jalalpur
टाण्डा,Tanda
भीटी,Bhiti
बसखारी,Baskhari
जहांगीरगंज,Jahangirganj
मियांव,Miyawn
मसौधा,Masodha
पूराबाजार,Purabazar
सोहावल,Sohawal
मायाबाजार,Mayabazar
बीकापुर,Bikapur
तारून,Taroon
हरिंग्टनगंज,Haringtonganj
अमानीगंज,Amaniganj
मिल्कीपुर,Milkipur
रूदौली,Rudauli
मवई,Mawai
हरैया,Hariyya
साऊँघाट,Saugahat
बिक्रमजोत,Bikramjot
रूधौली,Rudhauli
कप्तानगंज,Kaptanganj
बनकटी,Bankati
गौर,Gaur
परसरामपुर,ParsaraMpur
बस्ती,Basti
कुदरहा,Kudaraha
दुबौलिया,Dubauliya
काकोरी,Kakori
सिधौली,Sidhauli
मिश्रिख,Mishrikh
सकरन,Sakaran
29 रामपुरमथुरा,29 Rampur Mathura
38 रामपुरमथुरा,38 Rampur Mathura
40 रामपुरमथुरा,40 Rampur Mathura
41 रामपुरमथुरा,41 Rampur Mathura
47 रामपुरमथुरा,47 Rampur Mathura
62 रामपुरमथुरा,62 Rampur Mathura
64 रामपुरमथुरा,64 Rampur Mathura
71 रामपुरमथुरा,71 Rampur Mathura
बेहटा,Behta
ऐलिया,Ailia
हरगांव,Hargaon
लहरपुर,Laharpur
खैराबाद,Khairabad
गोंदलामऊ,Gondlamau
बिसवाँ,Biswan
मछरेहटा,Machhrehta
कसमण्डा,Kasmanda
पहला,Pahla
महमूदाबाद,Mahmudabad
परसेंण्डी,Parsendi
महोली,Maholi
पिसावाँ,Pisawan
लखीमपुर,Lakhimpur
बेहजम देवी,Behjam Devi
फूलबेहड़,Phoolbehad
गोला (कुम्भी ),Gola (Kumbhi)
बिजुआ,Bijua
बांकेगंज,Bankeganj
मोहम्मदी,Mohammadi
मितौली,Mitauli
पसगवां,Pasgawan
धौरहरा,Dhaurahra
पलिया,Palia
निघासन,Nighasan
ईसानगर,Isanagar
रमियाबेहड़,Ramiabehad
अमेठी,Amethi
बाजार शुक्ल,Bazar Shukl
भादर,Bhadar
गौरीगंज,Gauriganj
जामों,Jamo
जगदीशपुर,Jagdishpur
भेटुआ,Bhetua
मुसाफिरखाना,Musafirkhana
संग्रामपुर,Sangrampur
शाहगढ,Shahgarh
तिलोई,Tiloi
छतोह,Chhatoh
डीह,Deeha
सलोन,Salon
सिंहपुर,Singhpur
जरवल,Jarwal
कैसरगंज,Kaiserganj
हुजूरपुर,Huzoorpur
तजवापुर,Tajwapur
बलहा,Balha
महसी,Mahsi
शिवपुर,Shivpur
मिहीपुरवा,Mihipurwa
चित्तौरा,Chittaura
रिसिया,Risia
पयागपुर,Payagpur
विशेश्वरगंज,Visheshwarganj
गिलौला,Gilaula
सिरसिया,Sirsia
हरिहरपुर रानी,Hariharpur Rani
जमुनहा,Jamunaha
इकौना,Ikauna
बलरामपुर,Balrampur
गैंसडी,Gainsari
पचपेडवा,Pachpedwa
गैडास बुजुर्ग,Gaidas Buzurg
श्रीदत्तगंज,Shridattganj
उतरौला,Utraula
रेहरा बाजार,Rehra Bazar
तुलसीपुर,Tulsipur
हरैया सतघरवा,Hariya Satgharwa
हलधरमऊ,Haldharmau
परसपुर,ParasPur
मनकापुर,Mankapur
बेलसर,Belsar
कटरा बाजार,Katra Bazar
पण्डरी कृपाल,Pandri Kripal
छपिया,Chhapia
झंझरी,Jhanjhari
मुजेहना,Mujehna
तरबगंज,Tarabganj
इटियाथोक,Itiyathok
करनैलगंज,Karnailganj
बभनजोत,Babhanjot
रूपईडीह,Rupaidiha
सूरतगंज,Suratganj
फतेहपुर,Fatehpur
निन्दूरा,Nindura
मसौली,Masoli
बंकी,Banki
देवां,Dewa
हरख,Harkh
दरियाबाद,Dariyabad
बनीकोडर,Banikodar
हैदरगढ़,Haidergarh
त्रिवेदीगंज,Trivediganj
सिद्धौर,Siddhaur
अखण्डनगर,Akhanda Nagar
बल्दीराय,Baldi Rai
भदैया,Bhadaiya
धनपत गंज,Dhanpatganj
दोस्तपुर,Dostpur
दूबेपुर,Doobepur
जयसिंहपुर,Jaisinghpur
कादीपुर,Kadipur
कुडवार,Kudwar
कुडेभार,Kudebhar
लम्बुआ,Lambhua
प्रतापपुरकमैचा,Pratappur Kemaicha
मोतिगरपुर,Motigarpur
करौंदीकला,Karaudi Kalan
कटेहरी,Katehri
जलालपुर,Jalalpur
टाण्डा,Tanda
भीटी,Bhiti
बसखारी,Baskhari
जहांगीरगंज,Jahangirganj
मियांव,Miyawn
मसौधा,Masodha
पूराबाजार,Purabazar
सोहावल,Sohawal
मायाबाजार,Mayabazar
बीकापुर,Bikapur
तारून,Taroon
हरिंग्टनगंज,Haringtonganj
अमानीगंज,Amaniganj
मिल्कीपुर,Milkipur
रूदौली,Rudauli
मवई,Mawai
हरैया,Hariyya
साऊँघाट,Saugahat
बिक्रमजोत,Bikramjot
रूधौली,Rudhauli
कप्तानगंज,Kaptanganj
बनकटी,Bankati
गौर,Gaur
परसरामपुर,ParsaraMpur
बस्ती,Basti
कुदरहा,Kudaraha
दुबौलिया,Dubauliya
विरनो,Virano
सकलडीहा,Sakaldeeha
चन्दौली,Chandauli
बरहनी,Barhani
नियमताबाद,Niyamtabad
चकिया,Chakiya
चहनियां,Chahniya
धानापुर,Dhanapur
शाहाबगंज,Shahababganj
सेवापुरी,Sewapuri
चिरईगांव,Chiraigaon
आराजी लाइन्स,Araji Lines
पिण्ड्रा,Pindra
चोलापुर,Cholapur
काशीविद्यापीठ,Kashividyapeeth
हरहुआ,Harhua
जौनपुर,Jaunpur
बदलापुर,Badlapur
रामपुर,Rampur
मुफ्तीगंज,Muftiganj
डोभी,Dobhi
सिकरारा,Sikarara
मडियाहू,Madiyahu
सुजानगंज,Sujanganj
केराकत,Kerakat
सुइथा कला,Suitha Kala
खुटहन,Khuthan
बरसठी,Barsathi
बक्शा,Baksha
करन्जा कला,Karanja Kala
मछलीशहर,Machhalishahr
मुगराबादशाहपुर,Mugrabadshahapur
ज्ञानपुर,Gyanpur
औराई,Aurai
डीघ,Deegh
सुरियांवां,Suriyawan
भदोही,Bhadohi
अभोली,Abholi
सीटी,Seeti
कोन (चील्ह),Kon (Cheelha)
सीखड़,Seekhar
जमालपुर,Jamalpur
मझवां,Majhwan
हलिया,Haliya
छानबे,Chhaanbe
राजगढ़,Rajgadh
पटेहरा कलॉ,Patehara Kala
नगवाँ,Nagwan
दुद्धी,Duddhi
चोपन,Chopan
राबट्र्सगंज,Robertsganj
घोरावल,Ghorawal
चतरा,Chatra
म्योरपुर,Myorpur
वभनी,Vabhni
25 रामपुरमथुरा,25 Rampur Mathura
17 रामपुरमथुरा,17 Rampur Mathura
49 रामपुरमथुरा,49 Rampur Mathura
सरदारनगर,Sardarnagar
कैराना,Kairana
भदपुरा,Bhadpura
जुनावई,Junavi
जसराना,Jasrana
23 रामपुरमथुरा,23 Rampur Mathura
32 रामपुरमथुरा,32 Rampur Mathura
33 रामपुरमथुरा,33 Rampur Mathura
51 रामपुरमथुरा,51 Rampur Mathura
55 रामपुरमथुरा,55 Rampur Mathura
57 रामपुरमथुरा,57 Rampur Mathura
63 रामपुरमथुरा,63 Rampur Mathura
65 रामपुरमथुरा,65 Rampur Mathura
67 रामपुरमथुरा,67 Rampur Mathura
पूरेडलई,Puredlai
वर्डपुर न 12,Vardpur No. 12
वर्डपुर न 26,Vardpur No. 26
वर्डपुर न 27,Vardpur No. 27
वर्डपुर न 28,Vardpur No. 28
वर्डपुर न 30,Vardpur No. 30
वर्डपुर न 31,Vardpur No. 31
वर्डपुर न 36,Vardpur No. 36
वर्डपुर न 38,Vardpur No. 38
वर्डपुर न 39,Vardpur No. 39
कोपागंज,Kopaganj
नरायनपुर,Narayanpur
24 रामपुरमथुरा,24 Rampur Mathura
31 रामपुरमथुरा,31 Rampur Mathura
73 रामपुरमथुरा,73 Rampur Mathura
मेरठ,Meerut
22 रामपुरमथुरा,22 Rampur Mathura
28 रामपुरमथुरा,28 Rampur Mathura
39 रामपुरमथुरा,39 Rampur Mathura
52 रामपुरमथुरा,52 Rampur Mathura
53 रामपुरमथुरा,53 Rampur Mathura
56 रामपुरमथुरा,56 Rampur Mathura
सल्टौआ गोपालपुर,Saltaua Gopalpur
वर्डपुर न 17,Vardpur No. 17
वर्डपुर न 34,Vardpur No. 34
वर्डपुर न 37,Vardpur No. 37
16 रामपुरमथुरा,16 Rampur Mathura
60 रामपुरमथुरा,60 Rampur Mathura
वर्डपुर न 41,Vardpur No. 41
50 रामपुरमथुरा,50 Rampur Mathura
68 रामपुरमथुरा,68 Rampur Mathura
58 रामपुरमथुरा,58 Rampur Mathura
वर्डपुर न 42,Vardpur No. 42
18 रामपुरमथुरा,18 Rampur Mathura
14 रामपुरमथुरा,14 Rampur Mathura
15 रामपुरमथुरा,15 Rampur Mathura
19 रामपुरमथुरा,19 Rampur Mathura
26 रामपुरमथुरा,26 Rampur Mathura
36 रामपुरमथुरा,36 Rampur Mathura
37 रामपुरमथुरा,37 Rampur Mathura
69 रामपुरमथुरा,69 Rampur Mathura
70 रामपुरमथुरा,70 Rampur Mathura
74 रामपुरमथुरा,74 Rampur Mathura
वर्डपुर न 18,Vardpur No. 18
वर्डपुर न 19,Vardpur No. 19
वर्डपुर न 21,Vardpur No. 21
वर्डपुर न 22,Vardpur No. 22
जमुनहा, Jamunha
चौबेपुर, Chaubepur
हिलौली, Hilauli
गौर, Gaur
सठियाव, Sathiyav
अमांपुर, Amanpur
सिरौलीगौसपुर, Sirauli Gauspur
तिलोई, Tiloi
गंजडुण्डवारा, Ganj Dundwara
श्रीदत्तगंज, Shridattganj
कोपागंज, Kopaganj
असमोली, Asamoli
असोथर, Asothar
असोहा, Asoha
बामौर, Bamaur
बिसौली, Bisauli
तरवां, Tarwan
बेलसर, Belsar
नाम भादर, Naam Bhadaur
नारखी, Narkhi
निचलौल, Nichlaul
फतेहपुर चौरासी, Fatehpur Chaurasi
पहला, Pahala
दोस्तपुर, Doastpur
बलरामपुर, Balrampur
बिहार, Bihar
पटियाली, Patiyali
पचपेडवा, Pachpedwa
गोंदलामऊ, Gondlamau
हरपालपुर, Harpalpur
चतरा, Chatra
हरख, Harakh
खैराबाद, Khairabad
बेहजम, Behjam
इकौना, Ikaunah
बेहटा, Behta
दरियाबाद, Dariyabad
चौमुहाँ, Chaumuhan
मसौली, Masauli
मोहम्मदी, Mohammadi
बढ़नी, Badhni
जगदीशपुर, Jagdishpur
अकराबाद, Akrabad
बिक्रमजोत, Bikramjot
कदौरा, Kadaura
कुदरहा, Kudraaha
छानबे, Chhaanbe
खेसरहा, Khesarha
सूरतगंज, Suratganj
निन्दूरा, Nindaura
सिढ़पुरा, Siddhapura
त्रिवेदीगंज, Trivediganj
वण्डा, Wanda
पिपराइच, Pipraich
फतेहगंज ( प O ), Fatehganj ( P O )
रामनगर, Ramnagar
महमूदाबाद, Mahmoodabad
महरौनी, Mahrauni
अगौता, Agauta
सिद्धौर, Siddhaur
परसरामपुर, Parsrampur
हरिंग्टनगंज, Haringtonganj
पूरेडलई, Puredlai
देवां, Dewan
पसगवां, Pasagwan
गोंडा, Gonda
नन्दगाँव, Nandgaon
भावलखेड़ा, Bhavlakheda
चमरख्वा, Chamrakhwa
महेवा, Maheva
माधौगंज, Madhauganj
सण्डीला, Sandila
भोजीपुरा, Bhojipura
रामपुरमथुरा, Rampurmathoura
रेवतीपुर, Rewatipur
सांगीपुर, Sangipur
ऐलिया, Ailiya
हसायन, Hasayan
लालगंज, Lalgang
भटहट, Bhathat
बॉसगॉव, Bosagaon
जसवंत नगर, Jaswantnagar
रूपईडीह, Rupaidih
मसौधा, Masaudha
अकबरपुर, Akbarpur
पंवासा, Panwasa
जानी खुर्द, Jani Khurd
करछना, Karachna
भदैया, Bhadaiya
रानीपुर, Ranipur
मुफ्तीगंज, Muftiganj
नवाबगंज, Nawabganj
कादीपुर, Kadipur
जवां, Jawan
अलीगंज, Aliganj
परतावल, Partaval
केराकत, Kerakat
हरगांव, Hargaon
सहावर, Sahavar
मेजा, Meja
अमौली, Amauli
झींझक, Jhijhak
संग्रामपुर, Sangrampur
बिजुआ, Bijua
बड़ागांव, Badagaon
देवबन्द, Devbanda
कोरॉव, Koraon
टाण्डा, Tanda
पिनाहाट, Pinahat
बल्दीराय, Baldirai
उरूवॉ, Uruvaon
निगोंही, Nigonhi
कौशाम्बी, Kaushambi
हथगाम, Hathgaam
जरवल, Jarwal
ऐरायां, Airayan
आकू नहटौर, Aku Nahtaur
अवागढ़, Awagadh
मवई, Mavai
कटेहरी, Katehri
नकहा, Nakha
गुन्नौर, Gunnaur
कासिमाबाद, Kasimabad
भरथना, Bharatna
बनीकोडर, Banikoder
बंकी, Banki
औरैया, Auraiya
पहासू, Pahasu
बड़राव, Badhrav
मलिहाबाद, Malihabaad
गजरौला, Gajraula
सिरसिया, Sirsiya
हैदरगढ़, Haidarganj
अहिरोरी, Ahirorhi
बागपत, Bagpat
सिंहपुर, Singhpur
कलान, Kalan
मुहम्मदाबाद, Muhammadabad
कालाकांकर, Kalakankar
रामपुर, Rampur
मलवां, Malwan
विसरख, Visarkh
रतनपुरा, Ratanpura
घोसी, Ghosi
तालगाम, Taalgaam
काँट, Kant
हरैया, Haraiya
दूबेपुर, Dubepur
सकीट, Sakit
बक्शा, Baksha
बहादुरपुर, Bahadurpur
उतरौला, Utrauala
दमखोदा, Damkhoda
सहपऊ, Sahpau
फतेहपुर सीकरी, Fatehpur Seekri
शाहपुर, Shahpur
ललौरी खेड़ा, Lalauri Kheda
अमानीगंज, Amaniganj
बनकटी, Bankati
सेमरियावा, Semriyawa
उसावाँ, Usawan
कोयलसा, Koilsa
मथुरा, Mathura
तिलहर, Tilhar
बेंहदर, Benhadar
टोडरपुर, Todarpur
मोहनलालगंज, Mohanlalganj
करनैलगंज, Karnailganj
विरधा, Viradha
मांडा, Manda
सिरकोनी, Sirkoni
सॉथा, Sautha
कुडेभार, Kudebhar
छपरौली, Chhaparauli
खेकडा, Khekhada
कादरचौक, Kadarchauk
सलोन, Salon
ज्ञानपुर, Gyanpur
फरह, Farah
समरेर, Samrer
फाजिलनगर, Fazilnagar
कमासिन, Kamasin
अरांव, Aaraon
बिलसण्डा, Bilsanda
राठ, Raath
पयागपुर, Payagpur
भगतपुर टाण्डा, Bhagatpur Tanda
चोलापुर, Cholapur
माछरा, Machhara
बड़हलगंज, Badhalaganj
टूण्डला, Tundla
संडवा चंद्रिका, Sandwaa Chandrika
कोतवाली, Kotwali
शाहगंज सोधी, Shahganj Sodhi
विरनो, Virano
नौहझील, Nauhajheel
कौधियारा, Kaudhiyara
शहाबगंज, Shahababganj
विजयीपुर, Vijayipur
नूरपुर, Noorpur
दादरी, Dadri
पन्दह, Pandah
देवमई, Devmai
मान्धाता, Mandhaata
धनीपुर, Dhanipur
बी . बी . नगर, B. B. Nagar
भदौरा, Bhadaura
सुमेरपुर, Sumerpur
महाराजगंज सदर, Maharajganj Sadar
गुलावटी, Gulawati
बुढ़ाना, Budhana
बाजार शुक्ल, Bajar Shukla
एका, Eka
नौतनवा, Nautanwa
खोराबार, Khorabaar
अभोली, Abholi
बेलहरी, Belhari
फतहपुर मण्डाव, Fatehpur Mandaav
घोरावल, Ghorawal
बलियाखेडी, Baliyakhedi
मौदहा, Maudha
घिरोर, Ghiror
मुजफ्फराबाद, Muzaffarabad
सिम्भावली, Simbhavli
पिण्ड्रा, Pindra
गोला ( कुम्भी ), Gola ( Kumbhi )
डुमरियागंज, Dumriaganj
जमानियां, Jamaniya
मेहनगर, Mehnagar
निधौली कलॉ, Nidhauli Kala
मरदह, Mardan
गुगरापुर, Gugapur
परसेंण्डी, Parsendi
गैंसडी, Gainsadi
दोहरीघाट, Dohrighat
माल, Maal
काकोरी, Kakori
रेवती, Revati
मझवां, Majhwan
सीखड़, Seekhar
कोथावाँ, Kothawan
गौरीबाजार, Gauribazar
सासनी, Sasni
बांकेगंज, Bankeganj
सुजानगंज, Sujanganj
सरसावा, Sarsawa
जसरा, Jasra
पटेहरा कलाँ, Patehera Kala
जुनावई, Junavi
मनियर, Maniyar
सिंधौली, Sindhauli
NA, NA
बरसठी, Barsathi
मदनापुर, Madanapur
डोभी, Dobhi
शाहगढ, Shahgadh
पिसावाँ, Pisawan
सिराथू, Sirathu
चरथावल, Charthaawal
बिलरियागंज, Bilriaganj
गोहाण्ड, Gohand
वजीरगंज, Vazirganj
शमशाबाद, Shamshabaad
खतौली, Khatauli
विशुनपुरा, Vishunpura
चिरईगांव, Chiraigaon
चिलकहर, Chilakhar
कोन ( चील्ह ), Kon ( Cheelha )
हसनगंज, Hasanganj
मछलीशहर, Machhalishahr
वभनी, Vabhni
नानोता, Nanota
अछल्दा, Achhaldaa
छतोह, Chhatoh
बासडीह, Baasadeeh
काशीविद्यापीठ, Kashividyapeeth
बिलग्राम, Bilgraam
कोचं, Kochan
बिसवाँ, Biswan
साण्डी, Sandi
चरगावॉ, Chargaawon
जखौरा, Jakhora
बांगरमऊ, Bangarmau
अजीतमल, Ajitmal
मनकापुर, Mankapur
शीतलपुर, Sheetal pur
पुरवा, Purwa
नौगढ़, Naugadh
बाबा बेलखरनाथ धाम, Baabaa Belkharnath Dhaam
खैर, Khair
सरीला, Sarila
पूराबाजार, Puraabaajaar
नरैनी, Naraini
तिन्दवारी, Tindwaari
रामपुरा, Rampura
रसड़ा, Rasadaa
शिवगढ़, Shivgadh
अतरौली, Atrauli
धनपत गंज, Dhanpat Ganj
अकोला, Akolaa
जैतीपुर, Jaitipur
मीरगंज, Mirganj
बड़ोखर खुर्द, Badokhar Khurd
नकुड, Nakud
मवाना, Mawana
जागीर, Jagir
सोरों, Soraun
हरहुआ, Harhua
रमियाबेहड़, Ramiyabehar
शंकरगढ़, Shankargadh
किशनी, Kishni
राही, Rahi
भोजपुर, Bhojpur
भनवापुर, Bhanwapur
आलमपुर जाफराबाद, Alampur Jafrabaad
जॅ o कौड़िया, J. O. Kauriya
पहाडी, Pahadi
भलुअनी, Bhaluani
लखीमपुर, Lakhimpur
भागलपुर, Bhagalpur
गंज मुरादाबाद, Ganj Muradadaad
कौड़ीराम, Kauriram
भीटी, Bhiti
सहजनवा, Sahjanwa
भीतर गाँव, Bhitar Gaon
नगरा, Nagara
भुता, Bhuta
लोटन बाजार, Lotan Bazar
भेटुआ, Bhetua
हंडिया, Handiya
लहरपुर, Laharpur
पथरदेवा, Pathardevaa
हाटा, Hata
शाहाबाद, Shahabaad
मऊ, Mau
शिकोहाबाद, Shikohabad
हरचन्दपुर, Harchandpur
कटरा - खुदागंज, Katra - Khudaganj
सेवरही, Sewarhi
बस्ती, Basti
माधौगढ, Madhaugadh
मऊरानीपुर, Mauranipur
कुरारा, Kurara
बिछिया, Bichiya
बबेरू, Babeeru
मगरौरा, Magraura
बसखारी, Baskhari
धनूपुर, Dhanupuur
रजपुरा, Rajpura
राजेपुर, Rajepur
छपिया, Chhapiya
जसपुरा, Jaspura
मोठ, Moth
तमकुहीराज, Tamkuhiraj
सैदाबाद, Saidabad
सिकन्द्राबाद, Sikandrabaad
बाबागंज, Baabaganj
मुजेहना, Mujehna
जहांगीरगंज, Jahangirgan
बघरा, Baghra
हस्तिनापुर, Hastinaapur
बावन, Baawan
ठाकुरद्वारा, Thakurdwara
कासगंज, Kasganj
हनुमानगंज, Hanumanganj
इस्लामनगर, Islamnagar
मितौली, Mitauli
पवई, Pavai
कुण्डा, Kundaa
मिर्जापुर, Mirzaapur
अल्हैपुर धामपुर, Alhaipur Dhampur
ब्रजमनगंज, Brajamangnaj
जखनियाँ, Jakhniya
सौरिख, Saurkh
मझगवां, Majhgawaon
रेउसा, Reusaa
पनियरा, Paniyara
महसी, Mahasi
अरनियां, Arniyaan
खरखौदा, Kharkhauda
सैंया, Sainya
मुरली छपरा, Murli Chhapra
अखण्डनगर, Akhandnagar
आसफपुर, Aasfpur
मुढा पाण्डेय, Mudhaa Pandey
दीनशाहगौरा, Deenshaahgaura
खलीलाबाद, Khalilabad
हसेरन, Haseran
मिठौरा, Mithaura
तेलियानी, Teliyani
अफजलगढ, Afzalgarah
सरोजनीनगर, Sarojninagar
जैतपुर, Jaitpur
कमालगंज, Kamalganj
बहजोई, Bahjoi
राजपुर, Rajpur
खैरागढ़, Khairaagarah
रोहनिया, Rohniya
अजमतगढ़, Ajmatgarah
फिरोजाबाद, Firozabaaad
जगत, Jagat
मुसाफिरखाना, Musafirkhana
राजगढ़, Rajgadh
बछरावां, Bachhrawan
छजलैट, Chhajlait
रूद्रपुर, Rudrpur
बरखेड़ा, Barkhedaa
घुघली, Ghughli
बीकापुर, Bikapur
निघासन, Nighassan
बीघापुर, Bighapur
शिवगढ, Shivgadh
सैदपुर, Saidpur
चरखारी, Charkhari
मानिकपुर, Manikpur
खजनी, Khajni
रूधौली, Rudhauli
विधूना, Vidhuna
घाटमपुर, Ghaatampur
चिनहट, Chinhat
तहबरपुर, Tahbarpur
लखावटी, Lakhawati
कुरावली, Kurawli
बेलहर कला, Belhar Kala
बार, Baar
सकरन, Sakaran
कर्वी ( चित्रकूट ), Karvi ( Chitrakut )
दुदही, Dudhi
रामपुर कारखाना, Rampur Kaarkhana
ददरौल, Dadraul
प्रतापपुर, Pratappur
मिश्रिख, Mishrikh
ईसानगर, Isanagar
करहल, Karhal
पौली, Pauli
शेरगढ़, Shergadh
अम्बियापुर, Ambiyapur
अमरौधा, Amraudha
जलेसर, Jalesr
चोपन, Chopan
मियागंज, Miyaganj
राया, Raya
रामपुर मनिहारन, Rampur Maniharan
पुरकाजी, Purkaji
लक्ष्मणपुर, Lakshamanpur
खीरो, Khiro
मरौरी, Marauri
सन्दलपुर, Sandlpur
मियांव, Miyan
डिलारी, Dilari
धर्मापुर, Dharmapur
सरसौल, Sarasaul
नियमताबाद, Niyamtabad
बढ . पुरा, Badh. Pura
गौरीगंज, Gauriganj
डीघ, Deegh
भरखनी, Bharkhni
शिकारपुर, Shikarpur
सरेनी, Sareni
जयसिंहपुर, Jaysinghpur
गोसाईगंज, Gosaiganj
